{
  "title": "Refrigerator Market \u2014 Global Analysis & Forecast, 2025\u20132030",
  "source": "Next Move Strategy Consulting (https://www.nextmsc.com/report/refrigerator-market-se3633)",
  "report_id": "SE3633",
  "forecast_period": "2025-2030",
  "market_size_2024_usd_billion": 107.47,
  "market_size_2025_est_usd_billion": 114.21,
  "market_size_2030_proj_usd_billion": 154.77,
  "cagr_2025_2030_percent": 6.27,
  "key_themes": [
    "Energy efficiency & sustainability",
    "Smart refrigerators & IoT integration",
    "Rising household disposable incomes",
    "Urbanization and compact models",
    "Supply chain & inflation pressures",
    "Government incentives for efficient appliances"
  ],
  "notes": "This metadata is derived from the public report preview on NextMSC and is not a substitute for the full paid report."
}